subreddit,total_subscriber_n,total_post_n,post_gpt_n,post_gpt_p,post_WC_median,post_score_median,response_n,response_rate,thread_length_median,post_upvote_ratio_median,comment_n,comment_WC_median,comment_score_median,earliest_gpt_date,max_comments,max_words_post,max_words_comment
r/Professors,114965,3799,148,3.9,80.5,18,142,95.95,15,0.78,3829,31,4,2022-12-10,237,2984,1267
r/Teachers,419352,13298,84,0.63,127.5,4,79,94.05,8,0.74,1462,32,2,2022-12-06,292,1544,867
r/academia,57860,1332,22,1.65,20.5,7,18,81.82,7.5,0.8,399,34,2,2022-12-16,82,242,369
r/education,166688,2390,16,0.67,92.5,1.5,12,75,9,0.6950000000000001,177,37,1,2022-12-14,32,311,505
r/teachingresources,32329,643,15,2.33,56,5,7,46.67,0,0.88,20,20,1,2022-12-14,6,172,207
r/highereducation,52686,674,12,1.78,16.5,3.5,9,75,1,0.84,38,27.5,2.5,2022-12-31,22,76,355
r/edtech,18441,258,11,4.26,29,6,8,72.73,4,0.76,53,38,2,2022-12-10,14,198,355
r/teaching,108342,2131,9,0.42,20,1,7,77.78,11,0.97,188,33.5,2,2023-01-12,99,205,370
r/ELATeachers,15990,323,7,2.17,28,19,7,100,12,0.89,131,35,2,2022-12-14,50,233,546
r/instructionaldesign,23641,726,6,0.83,146.5,19.5,6,100,10.5,0.8300000000000001,97,35,3,2022-12-16,47,305,282
r/ScienceTeachers,37097,515,3,0.58,52,1,1,33.33,0,0.96,19,34,1,2023-01-10,19,141,81
r/historyteachers,12847,313,3,0.96,58,9,3,100,14,0.85,29,41,3,2022-12-11,14,97,188
r/CSEducation,23733,77,2,2.6,327.5,6,1,50,1,0.755,2,69,4.5,2023-01-01,2,631,107
r/OnlineEducation,13973,449,2,0.45,15,1,0,0,0,0.8300000000000001,0,0,0,2023-02-20,0,17,0
r/ArtEd,6173,198,1,0.51,9,1,0,0,0,1,0,0,0,2023-03-20,0,9,0
r/ECEProfessionals,26200,1284,1,0.08,62,0,1,100,6,0.5,6,22,1.5,2023-03-24,6,62,263
r/TeacherTales,29919,134,1,0.75,80,35,1,100,9,0.78,9,14,5,2022-12-16,9,80,74
r/matheducation,24315,282,1,0.35,6,2,1,100,1,1,1,28,1,2022-12-13,1,6,28
r/specialed,13635,537,1,0.19,44,1,1,100,3,1,3,42,3,2023-02-22,3,44,84
r/AdultEducation,4155,24,0,0,0,0,0,0,0,0,0,0,0,NA,0,0,0
r/MusicEd,15906,292,0,0,0,0,0,0,0,0,0,0,0,NA,0,0,0
r/TeachersInTransition,6063,896,0,0,0,0,0,0,0,0,0,0,0,NA,0,0,0
r/itinerantteachers,2,6,0,0,0,0,0,0,0,0,0,0,0,NA,0,0,0
r/slp,37526,2798,0,0,0,0,0,0,0,0,0,0,0,NA,0,0,0
r/teacherspromote,468,50,0,0,0,0,0,0,0,0,0,0,0,NA,0,0,0
